student,math,science,english,average
Alice,85.0,84.25,78.0,82.41666666666667
Bob,90.0,87.0,84.0,87.0
Charlie,78.0,75.0,86.0,79.66666666666667
David,85.25,90.0,92.0,89.08333333333333
Eve,88.0,85.0,80.0,84.33333333333333
